37.873742334939536,-122.2663988609342,75.870,Apartment Complex,Field 1,,Field 2,,Field 3,,Field 4,
37.87403835772794,-122.26573417014416,87.813,Barker Hall,Field 1,,Field 2,,Field 3,,Field 4,
37.87374272095524,-122.2652709988624,87.392,Koshland Hall,Field 1,,Field 2,,Field 3,,Field 4,
37.87310934549093,-122.26554819776251,86.544,Li Ka Shing Center for Biomedical and Health Sciences,Field 1,,Field 2,,Field 3,,Field 4,
37.87348070898315,-122.26504758015832,85.649,Genetics and Plant Biology Building,Field 1,,Field 2,,Field 3,,Field 4,
37.87201637145083,-122.26623124648376,81.607,University Hall,Field 1,,Field 2,,Field 3,,Field 4,
37.87065628498744,-122.2716045333601,52.004,Circular Gate,Field 1,,Field 2,,Field 3,,Field 4,
37.87083401858129,-122.2715914629066,53.097,For Lease,Field 1,,Field 2,,Field 3,,Field 4,
37.86945698215956,-122.2706858428718,56.898,Civic Center,Field 1,,Field 2,,Field 3,,Field 4,
37.869981323555066,-122.27128187174198,53.485,International Computer Science Center,Field 1,,Field 2,,Field 3,,Field 4,
37.869951322620906,-122.27266819964638,51.400,Berkeley Teen Center,Rating,***,Field 2,,Field 3,,Field 4,
37.870820317920824,-122.2703926348185,54.253,Heron,Field 1,,Field 2,,Field 3,,Field 4,
37.870815194318055,-122.2704277943412,54.107,Marble Texture,Field 1,,Field 2,,Field 3,,Field 4,
37.870834830061945,-122.27027475207836,54.323,Mountain Lion,Field 1,,Field 2,,Field 3,,Field 4,
37.87083540663013,-122.27029791370532,55.270,Alarm,Field 1,,Field 2,,Field 3,,Field 4,
37.87098421086377,-122.27038448250624,57.185,Triple Archway,Field 1,,Field 2,,Field 3,,Field 4,
37.87106152720973,-122.2696611707628,61.435,Berkeley Rep,Field 1,,Field 2,,Field 3,,Field 4,
37.87105690765101,-122.2696900716493,61.436,Preacher,Field 1,,Field 2,,Field 3,,Field 4,
37.87107979153466,-122.26960708469902,63.979,Covered Hand,Field 1,,Field 2,,Field 3,,Field 4,
37.871082842180854,-122.2696046717424,56.230,The Roda Theatre,Field 1,,Field 2,,Field 3,,Field 4,
37.87110050571549,-122.26938627177412,61.156,Berkeley Rep,Field 1,,Field 2,,Field 3,,Field 4,
37.87110684035699,-122.2693450557447,61.507,Preacher,Field 1,,Field 2,,Field 3,,Field 4,
37.87111235904371,-122.26930114235336,62.175,Berkeley Rep,Field 1,,Field 2,,Field 3,,Field 4,
37.87001613756594,-122.26815848177289,58.652,Elevators to BART,Field 1,,Field 2,,Field 3,,Field 4,
37.87089917720021,-122.26835149471302,57.192,BART,Field 1,,Field 2,,Field 3,,Field 4,
37.87054545832861,-122.26789014134256,62.129,Vertical Metal Divider,Field 1,,Field 2,,Field 3,,Field 4,
37.870591900905296,-122.26733629402322,59.978,ATM1,Field 1,,Field 2,,Field 3,,Field 4,
37.870595298774624,-122.26732293770922,59.870,ATM2,Field 1,,Field 2,,Field 3,,Field 4,
37.870595298774624,-122.26732293770922,59.870,ATM3,Field 1,,Field 2,,Field 3,,Field 4,
37.87072922181077,-122.26618853040053,70.540,2nd window from the right,Field 1,,Field 2,,Field 3,,Field 4,
37.87027863925374,-122.26601334004604,62.387,NEON sign,Field 1,,Field 2,,Field 3,,Field 4,
37.870138505822375,-122.26599984279682,60.818,Red pole,Field 1,,Field 2,,Field 3,,Field 4,
37.869804233067214,-122.2659558361366,67.886,Real Brick Walls?,Field 1,,Field 2,,Field 3,,Field 4,
37.86977011403985,-122.26579659611548,61.648,Control Valve,Field 1,,Field 2,,Field 3,,Field 4,
37.86905574553629,-122.2662816470236,70.560,Geometric Apartment Complex,Field 1,,Field 2,,Field 3,,Field 4,
37.86950166027077,-122.26566523095856,69.711,Crazy Person on Ad,Field 1,,Field 2,,Field 3,,Field 4,
37.869720071677136,-122.2655805220452,65.982,Vine Covered Wall,Field 1,,Field 2,,Field 3,,Field 4,
37.86963482577242,-122.26556541398035,65.854,Indecipherable Writing,Field 1,,Field 2,,Field 3,,Field 4,
37.86945011147488,-122.26652641632654,59.922,Public Entry Permitted,Field 1,,Field 2,,Field 3,,Field 4,
37.86975787552578,-122.266471941034,61.941,Cheap apartments ~$800,Field 1,,Field 2,,Field 3,,Field 4,
37.86966392836025,-122.26657675839505,71.327,I live here!,Field 1,,Field 2,,Field 3,,Field 4,
37.86962874285597,-122.2668630663065,60.207,Private Residence.,Field 1,,Field 2,,Field 3,,Field 4,
37.86965070366594,-122.26671000956438,60.218,Back Entrance to Garage,Field 1,,Field 2,,Field 3,,Field 4,
37.86945837083678,-122.26694398480764,59.790,Daily News Posted Here,Field 1,,Field 2,,Field 3,,Field 4,
37.8696040560867,-122.2679226491022,57.327,Flowers in bloom during summer,Field 1,,Field 2,,Field 3,,Field 4,
37.86963706368646,-122.26774635357306,57.507,BART entrance,Field 1,,Field 2,,Field 3,,Field 4,
37.87115566190949,-122.2690738554222,57.692,Non-profit education center - small children,Field 1,,Field 2,,Field 3,,Field 4,
37.86926554988656,-122.26952133315638,54.327,Fire Escape,Field 1,,Field 2,,Field 3,,Field 4,
37.87007649468452,-122.26837781803331,60.220,Public Library,Field 1,,Field 2,,Field 3,,Field 4,
37.869352656237126,-122.26903742823926,56.213,Parking is $12 a day,Field 1,,Field 2,,Field 3,,Field 4,
37.8693470535099,-122.2692905761494,55.056,Public entrance,Field 1,,Field 2,,Field 3,,Field 4,
37.87110946267423,-122.2694737737937,55.462,side entrance,Field 1,,Field 2,,Field 3,,Field 4,
37.8709184906627,-122.26962748089774,58.385,Stadium Garage,Field 1,,Field 2,,Field 3,,Field 4,
37.87080627805263,-122.2701106989902,52.833,parking is $10 an hour (!),Field 1,,Field 2,,Field 3,,Field 4,
37.869975236189,-122.26983648339292,55.673,Berkeley City College,Field 1,,Field 2,,Field 3,,Field 4,
37.86853958694109,-122.26684266240991,63.865,they are responsible for blocking off the roads when there are games,Field 1,,Field 2,,Field 3,,Field 4,
37.86878112724432,-122.26672860178336,59.352,this underground garage is huge,Field 1,,Field 2,,Field 3,,Field 4,
37.869241257131016,-122.27072303423743,59.833,Civic Center Cube,Field 1,,Field 2,,Field 3,,Field 4,
37.869692980112326,-122.27147586685432,49.865,A common squirrel feeding ground,Field 1,,Field 2,,Field 3,,Field 4,
37.86971638575859,-122.27167319212194,49.713,Do not walk on grass,Field 1,,Field 2,,Field 3,,Field 4,
37.86998427324259,-122.27183210140112,53.735,Veterans Memorial,Field 1,,Field 2,,Field 3,,Field 4,
37.86853132558279,-122.26702795135604,60.490,this apartment looks shady,Field 1,,Field 2,,Field 3,,Field 4,
37.868478407317944,-122.26741770993908,62.260,the flats here are cheap but have very low ceilings,Field 1,,Field 2,,Field 3,,Field 4,
37.869857224920366,-122.27228074174543,53.944,Addison House,Founder,Ronald Tsukamoto,Field 2,,Field 3,,Field 4,
37.868648916323586,-122.26739251567749,63.870,this building is actually vacant and closed because of chemical leaks,Field 1,,Field 2,,Field 3,,Field 4,
37.87163052189285,-122.27135861239458,55.203,business,Field 1,eVe,Field 2,1965 University Ave,Field 3,NA,Field 4,they're an online business
37.87197972758878,-122.27121626504116,58.388,summer session administration is totally separate from noraml operations; which is why they have this buildling,Field 1,,Field 2,,Field 3,,Field 4,
37.87151686297299,-122.27164214632528,57.079,8 studios for the hungry artist,Field 1,,Field 2,,Field 3,,Field 4,
37.87150052558676,-122.27246049231788,57.014,this building is quite stately,Field 1,,Field 2,,Field 3,,Field 4,
37.871712269802714,-122.27314770777528,56.983,still under construction,Field 1,,Field 2,,Field 3,,Field 4,
37.87012703553863,-122.27023783689974,55.555,they have resources on the most obscure languages,Field 1,,Field 2,,Field 3,,Field 4,
37.87021268542222,-122.26967602719736,54.669,"chinese energy" center,Field 1,,Field 2,,Field 3,,Field 4,
37.872799073093205,-122.26904022168884,63.575,Perenniel Graffiti,Field 1,,Field 2,,Field 3,,Field 4,
37.86818759220446,-122.26876358377764,58.053,this library has over 500000 books and 25408 videos,Field 1,,Field 2,,Field 3,,Field 4,
37.86816485869298,-122.26906113969645,56.209,arch canopy, like japan,Field 1,,Field 2,,Field 3,,Field 4,,undefined
37.867948938635976,-122.26990189123644,59.269,leasing apartments for under $900,Field 1,,Field 2,,Field 3,,Field 4,
37.87296566794419,-122.26931364525171,65.060,Flagpost,Field 1,,Field 2,,Field 3,,Field 4,
37.87303956985848,-122.26925400986532,63.558,Home to 4 red trucks,Field 1,,Field 2,,Field 3,,Field 4,
37.87309639371477,-122.2690260665251,64.076,Looks flammable, but that's ok for the location,Field 1,,Field 2,,Field 3,,Field 4,,undefined
37.87110119976422,-122.26696936933698,63.737,tunnel tag,Field 1,,Field 2,,Field 3,,Field 4,
37.87165079570117,-122.2667478432342,62.928,enormous amounts of paperwork to do if you come here :(,Field 1,,Field 2,,Field 3,,Field 4,
37.871440674553746,-122.26704382826958,68.047,this fading ad has been here for over 50 years,Field 1,,Field 2,,Field 3,,Field 4,
37.871599694452634,-122.26708822459456,66.914,dangerous to live here! leaky too,Field 1,,Field 2,,Field 3,,Field 4,
37.87209423737426,-122.27015371800304,57.112,business,Name,Round Table Pizza,House Number,2017 University Ave,Phone Number,510-132-4131,Comment,excellent pizza
37.870431800120215,-122.2687728956674,81.866,business,Name,boat noodle house,House Number,1957 Shattuck Ave,Phone Number,510-381-7771,Comment,authentic thai cuisine
37.87099684628102,-122.2675823524722,61.224,business,Name,Bank of America,House Number,2129 Shattuck Ave,Phone Number,510-273-5466,Comment,the other branch here
37.87052156896192,-122.26835584008572,96.195,business,Name,United Banking Offices,House Number,2140 Shattuck Ave,Phone Number,510-298-5420,Comment,Another attempt at tagging building with white top
37.87050610598496,-122.2678839183118,61.053,business,Name,Kaplan Test Prep,House Number,150 Berkeley Square,Phone Number,510-857-9412,Comment,Kaplan Sign
37.87041095014568,-122.26601236787523,62.742,business,Name,Tibet Souvenirs,House Number,2127 Oxford St,Phone Number,510-288-3914,Comment,not sure where the tibet shops come from
37.86994941363456,-122.26596397375457,64.010,business,Name,Pilates,House Number,2152-2198 Oxford St,Phone Number,510-325-1634,Comment,Philosopher Store
37.86974922250953,-122.2659339623618,63.494,business,Name,Azezzeban Restaurant,House Number,2152-2198 Oxford St,Phone Number,510-326-7061,Comment,try the shrimp
37.86949436676165,-122.26607373627424,67.747,business,Name,Office Buildings,House Number,2223 Fulton St,Phone Number,510-137-1370,Comment,unknown owner
37.86970015555966,-122.26625588574204,62.502,business,Name,Saleil Tanning Salon,House Number,2171 Allston Way,Phone Number,510-401-1334,Comment,caution advised
37.86971927132534,-122.2661678244542,62.627,business,Name,Azerbaiin Restaurant,House Number,2171 Allston Way,Phone Number,510-495-7946,Comment,Fine Shrimp Dishes
37.869364102983205,-122.2664695089671,74.150,business,Name,Gym,House Number,2150 Allston Way,Phone Number,510-235-6694,Comment,work out
37.86942923912464,-122.26684337307246,64.523,business,Name,Berkeley Sun,House Number,2134 Allston Way,Phone Number,510-801-9956,Comment,News Offices
37.86956226753111,-122.26736960413452,59.315,business,Name,Take and Go,House Number,2115 Allston Way,Phone Number,510-619-4242,Comment,great dishes
37.86954216168848,-122.26771776476596,59.416,business,Name,Walgreens,House Number,2115 Allston Way,Phone Number,510-923-8098,Comment,Seasonal flu shots
37.86909355269164,-122.268211612199,58.054,business,Name,Berkeley Jackets,House Number,2204 Shattuck Ave,Phone Number,510-918-3109,Comment,discounted jackets
37.86918587432748,-122.26861193006744,57.340,business,Name,Hotel Shattuck Lounge,House Number,2086 Allston Way,Phone Number,510-775-4532,Comment,Breakfast lounge - not open to public
37.869362100268496,-122.26878856798903,57.581,business,Name,Medical Response Inc,House Number,2061-2099 Allston Way,Phone Number,510-177-7621,Comment,Medical Response Center
37.86908257829271,-122.26955247940222,55.093,business,Name,Mangalan Centers,House Number,2018 Allston Way,Phone Number,510-111-2141,Comment,Mangalan Centers - high end housing
37.87101522176185,-122.26897147832535,58.455,business,Name,24 hour fitness,House Number,2072 Addison St,Phone Number,510-711-3811,Comment,24 hour Fitness Entrance
37.8704604759306,-122.2730842387847,52.725,business,Name,Office of Public Safety,House Number,2100 Martin Luther King Jr Way,Phone Number,510-326-8486,Comment,This building present for your safety
37.870660266988935,-122.27307697943732,50.087,business,Name,Home-run Diner,House Number,2080 Martin Luther King Jr Way,Phone Number,510-437-5732,Comment,Their sandwiches are decent but their spaghetti is much to salty for my taste.
37.869074902468874,-122.26957272391223,56.779,business,Name,Young Men's Gym,House Number,2070 Allston Way,Phone Number,510-417-8013,Comment,all welcome
37.868718098056696,-122.26685846380944,60.085,business,Name,Razan's Organic Kitchen,House Number,2119 Kittredge St,Phone Number,510-989-7420,Comment,their carrot salad is quite good
37.86872463386492,-122.26692456429888,59.127,business,Name,Razan's Organic Kitchen Extension,House Number,2119 Kittredge St,Phone Number,510-662-1412,Comment,slightly more fancy version - no one is ever here
37.86867989800275,-122.26710361738776,64.223,business,Name,<undefined>,House Number,2119 Kittredge St,Phone Number,510-797-1693,Comment,the less well known movie theater
37.86849759983431,-122.26722630294702,59.689,business,Name,Berkeley Real Estate,House Number,2124 Kittredge St,Phone Number,510-111-7136,Comment,they know where the good apartments are
37.86866136870791,-122.26723759351314,61.729,business,Name,California California,House Number,2101-2115 Kittredge St,Phone Number,510-553-8483,Comment,I've never heard of these movies
37.86862263776179,-122.26759537987252,60.066,business,Name,Baja Fresh,House Number,2237 Shattuck Ave,Phone Number,510-248-7139,Comment,this location has really fast service
37.86836471920065,-122.26759246162536,57.736,business,Name,T-Mobile,House Number,2255 Shattuck Ave,Phone Number,510-406-3922,Comment,EECS majors: bad reception in Soda
37.86829586611667,-122.26761268198588,57.400,business,Name,Yogurt Harmony,House Number,2110 Kittredge St,Phone Number,510-336-5694,Comment,more expensive than yogurtland but worth it
37.8682272301457,-122.26812213907245,61.556,business,Name,Berkeley Library,House Number,2272 Shattuck Ave,Phone Number,510-267-4021,Comment,the chevrons are an example of contemporary architecture
37.86807687757725,-122.26810186005062,56.800,business,Name,Pho Hoa,House Number,2270 Shattuck Ave,Phone Number,510-320-7947,Comment,under new ownership
37.867967842889456,-122.26807658478326,58.120,business,Name,Passand Lounge,House Number,2284 Shattuck Ave,Phone Number,510-848-0260,Comment,no ratings  yet
37.86778504419458,-122.26806910892174,56.264,business,Name,Tribbe Tribute,House Number,2276 Shattuck Ave,Phone Number,510-673-1996,Comment,FRI KEY CHOICE TRIBBE TRIBUTE
37.86772551050704,-122.2680652788606,55.736,business,Name,Madras Cuisine,House Number,2286 Shattuck Ave,Phone Number,510-719-9133,Comment,try their seasonal dishes
37.867813886921965,-122.26752247318346,57.074,business,Name,FedEx/Kinkos,House Number,2105 Bancroft Way,Phone Number,510-662-3629,Comment,FedEx is on the Right
37.867934559436854,-122.2675435163821,57.424,business,Name,Little Plearn Thai Kitchen,House Number,2283 Shattuck Ave,Phone Number,510-124-3301,Comment,serves great chicken on rice
37.86803458477024,-122.26756525909512,58.194,business,Name,USED Computer Store,House Number,2277 Shattuck Ave,Phone Number,510-728-2976,Comment,store is quite shady
37.86820417998654,-122.26759460487494,59.163,business,Name,Angeline's Louisana Kitchen,House Number,2271 Shattuck Ave,Phone Number,510-553-4646,Comment,$8 lunch
37.86813733029554,-122.26757225056345,58.505,business,Name,Becketts,House Number,2271 Shattuck Ave,Phone Number,510-901-9794,Comment,$20 lunch
37.86842353319712,-122.26898112377518,56.224,business,Name,Hall of Health,House Number,2065 Kittredge St,Phone Number,510-840-9621,Comment,downstairs to 2065 Milvia
37.86847200640619,-122.26862262352786,55.989,business,Name,Berkeley Ops,House Number,2065 Kittredge St,Phone Number,510-707-6376,Comment,tech support company here
37.86825835244149,-122.26913871193464,59.437,business,Name,Kittredge Apartments,House Number,2020 Kittredge St,Phone Number,510-224-3742,Comment,I know some people that live here
37.86667318671493,-122.27032220817976,49.907,business,Name,Boy's Gym,House Number,2300-2348 Milvia St,Phone Number,510-276-7385,Comment,central entrance to lobby
37.86637549391869,-122.27027655392156,52.389,business,Name,Boy's Gym,House Number,2300-2348 Milvia St,Phone Number,510-358-6277,Comment,offices of gymnasium
37.866146958145016,-122.27026981799352,52.615,business,Name,Boy's Gym,House Number,2350-2398 Milvia St,Phone Number,510-126-9027,Comment,indoor swimming pool
37.87243382772849,-122.26858647571952,61.058,business,Name,Missing Link Bicycle Shop,House Number,1988 Shattuck Ave,Phone Number,510-225-5716,Comment,look for the unbreakable bicycle chains
37.872421590845086,-122.26827366143,61.334,business,Name,Taqueria House,House Number,1983 Shattuck Ave,Phone Number,510-391-2570,Comment,they can't make up their mind about what food they want to serve
37.87253022420657,-122.2682418483012,61.240,business,Name,The Cutaway Haircutting,House Number,1983 Shattuck Ave,Phone Number,510-735-2766,Comment,haircuts very expensive
37.87253368412219,-122.26827514407934,63.433,business,Name,Brazil Cafe,House Number,1983 Shattuck Ave,Phone Number,510-537-4670,Comment,I'm pretty sure this is the fake brazil cafe
37.87257588906711,-122.26827289577214,62.955,business,Name,Zatar,House Number,1979 Shattuck Ave,Phone Number,510-721-7855,Comment,Zatar: generic name for middle eastern herbs
37.87269225778221,-122.26826120967702,61.621,business,Name,Expert Picture Framing,House Number,1975 Shattuck Ave,Phone Number,510-431-2568,Comment,their metal frames are especially worthy
37.872737197162984,-122.26831857331716,61.299,business,Name,Beauty Supply Shop,House Number,1961 Shattuck Ave,Phone Number,510-680-5356,Comment,this place smells like shampoo - not recommended
37.87253543830701,-122.26859430432464,60.195,business,Name,Turkish Cuisine,House Number,1984 Shattuck Ave,Phone Number,510-515-7117,Comment,$9 dinner for 2
37.87265020653878,-122.26859629881096,61.645,business,Name,Spats Diner,House Number,1974 Shattuck Ave,Phone Number,510-583-5283,Comment,good despite its name
37.87275640933807,-122.26862849768308,61.083,business,Name,Spats Diner,House Number,1974 Shattuck Ave,Phone Number,510-583-5283,Comment,good despite its name
37.872795391368285,-122.26828610132333,61.477,business,Name,Hair Skin Nail,House Number,1961 Shattuck Ave,Phone Number,510-118-1480,Comment,yet another overpriced haircut place
37.87286094635852,-122.26831371467796,61.892,business,Name,Missing Link Bicycle Cooperative,House Number,1961 Shattuck Ave,Phone Number,510-654-3023,Comment,they have another location just south of here on the right
37.87298733719242,-122.26831005444824,61.383,business,Name,Evergreen Cafe,House Number,2108 Berkeley Way,Phone Number,510-810-2774,Comment,nothing here is actually green
37.87294995810886,-122.26830027389916,61.141,business,Name,Nyote West,House Number,2108 Berkeley Way,Phone Number,510-720-1436,Comment,karate lessons for all ages
37.87290080669239,-122.26830151502972,61.695,business,Name,Shattuck JEWELRY,House Number,1961 Shattuck Ave,Phone Number,510-258-6891,Comment,lots of imitation jewelry
37.87285247498757,-122.26862222293848,61.541,business,Name,JD Properties,House Number,1950 Shattuck Ave,Phone Number,510-209-7654,Comment,there used to be a bookstore here
37.8730215229554,-122.26882200685976,62.757,business,Name,Morgan House,House Number,2053 Berkeley Way,Phone Number,510-158-9778,Comment,they say Morgans have owned this buliding for 150 years
37.87285932243029,-122.26883266115252,63.432,business,Name,Brown Store,House Number,1950 Shattuck Ave,Phone Number,510-530-5915,Comment,Low quality windows distorted by heat
37.87283799761472,-122.26895849278053,62.657,business,Name,Closed Shop,House Number,2020-2098 Berkeley Way,Phone Number,510-231-3609,Comment,Closed since 2007
37.87247493855074,-122.2697574372986,64.414,business,Name,Hotel <?>,House Number,2029 University Ave,Phone Number,510-665-1366,Comment,2 stars
37.872642955877815,-122.27022770308842,62.124,business,Name,Motel Milvia,House Number,2008 Berkeley Way,Phone Number,510-377-2579,Comment,cheap rooms for rent
37.871918091278246,-122.26910126355892,59.270,business,Name,Ramen House,House Number,2068 University Ave,Phone Number,510-962-1740,Comment,reasonably cheap ramen
37.87192570453769,-122.26917967701924,58.845,business,Name,Eastwind Bookstore,House Number,2066 University Ave,Phone Number,510-724-8938,Comment,I'm not sure why you wouldn't order off amazon - but at least you can browse
37.871932226665166,-122.2690227578114,59.515,business,Name,Internet Music Cafe,House Number,2072 University Ave,Phone Number,510-646-3315,Comment,Internet music?
37.87188013876736,-122.26944384949051,64.597,business,Name,Unknown Bank,House Number,2054 University Ave,Phone Number,510-833-4526,Comment,Anonymous banking buildling
37.872144587889736,-122.2696234858473,58.413,business,Name,Good Day Spa,House Number,2041 University Ave,Phone Number,510-732-7270,Comment,chlorine smelling
37.87216022525952,-122.26957352242022,58.150,business,Name,Gentle Hair Cuts,House Number,2043 University Ave,Phone Number,510-605-4611,Comment,gentle and precise
37.87215883158092,-122.2694516537149,58.707,business,Name,Blow Salon,House Number,2112 Berkeley Way,Phone Number,510-644-197,Comment,Staff seemed inexperienced
37.872166766765325,-122.26939874341952,58.664,business,Name,Beads Castle,House Number,2057 University Ave,Phone Number,510-224-7231,Comment,hobby store - has a ridiculous selection of beads
37.87214399718025,-122.26967549859916,57.919,business,Name,Berkeley Shade Co.,House Number,2039 University Ave,Phone Number,510-929-5702,Comment,conveniently always in the shade
37.87211866861845,-122.26973359968837,58.491,business,Name,Fantasy T shirts,House Number,2017 University Ave,Phone Number,510-250-6323,Comment,t shirts are mostly of the same type
37.87210531961565,-122.2698135239968,58.656,business,Name,LHASA Salon,House Number,2035 University Ave,Phone Number,510-460-8205,Comment,I'm still not sure what they sell here
37.8720790537092,-122.27003141865389,58.420,business,Name,Trpoical Paradise Restaurant,House Number,2021 University Ave,Phone Number,510-589-5739,Comment,basic chinese food
37.872084748098175,-122.26997345449044,58.148,business,Name,Nail Image,House Number,2017 University Ave,Phone Number,510-543-1834,Comment,expert manicures
37.87204812871214,-122.27031822021785,57.617,business,Name,Shrimati's,House Number,2011 University Ave,Phone Number,510-313-8537,Comment,I've bought all my linens from here
37.872741204316654,-122.26705560053732,64.172,business,Name,Ace Hardware,House Number,1900 Walnut St,Phone Number,510-296-7160,Comment,this is the saddest ace hardware store I've ever seen
37.872709328242514,-122.2670450930581,63.387,business,Name,Berkeley Hardware,House Number,1900 Walnut St,Phone Number,510-567-1081,Comment,same as ace hardware
37.872913402725416,-122.26711234959478,66.442,business,Name,Cedar Properties,House Number,1930 Walnut St,Phone Number,510-306-2063,Comment,cedar shingles - not fire resistant
37.873049617016015,-122.26713897459136,68.181,business,Name,University of California Press,House Number,2034 Berkeley Way,Phone Number,510-382-9119,Comment,not the daily cal
37.87336356040705,-122.2686860615945,62.621,business,Name,Chick Peas,House Number,1920 Shattuck Ave,Phone Number,510-682-7300,Comment,like northside cafe
37.87329390094456,-122.26868138570482,62.543,business,Name,Dr. Harlan Optometry,House Number,1928 Shattuck Ave,Phone Number,510-985-9863,Comment,run by an old korean guy
37.87319110857412,-122.26868061649182,62.206,business,Name,Shoe Renewal,House Number,1934 Shattuck Ave,Phone Number,510-978-5526,Comment,sells shoe oils
37.873154410321746,-122.26865892203767,61.939,business,Name,Lorsa Karnak Herb Co.,House Number,1934 Shattuck Ave,Phone Number,510-680-8668,Comment,lots of asian spices
37.87137435663392,-122.26733608220604,61.364,business,Name,Addison Armor Cafe,House Number,2107 Addison St,Phone Number,510-279-6819,Comment,try their pastrami
37.87121477852717,-122.26726422003502,61.509,business,Name,Patrico Credit Union,House Number,NA,Phone Number,541-719-5598,Comment,reliable
37.87218653372069,-122.26719587677717,62.170,business,Name,May Flower Chinese Restaurant,House Number,2138 University Ave,Phone Number,510-883-9788,Comment,as good as expected from the name
37.87211016904275,-122.26749990467152,61.518,business,Name,La Rose Bistro,House Number,2037 Shattuck Ave,Phone Number,510-644-1913,Comment,not for hearty eaters
37.87042250443695,-122.26778516589178,58.430,business,Name,Copy Shop,House Number,2125 University Ave,Phone Number,510-798-2611,Comment,cluttered - see the shop across the street
37.872390467312826,-122.2676114441948,61.407,business,Name,Krishna Copy Center,House Number,2133 University Ave,Phone Number,510-283-7331,Comment,24 hour replication service
37.87239763459469,-122.2675277086997,61.964,business,Name,Domino's Pizza,House Number,2127 University Ave,Phone Number,510-994-2934,Comment,they mostly do delivery
37.87242121243069,-122.2674596011028,61.396,business,Name,Lej Vegi House,House Number,2131 University Ave,Phone Number,510-677-1611,Comment,in general amazing food
37.87242530816331,-122.2674175990149,62.229,business,Name,Acherson Bldg,House Number,2131 University Ave,Phone Number,510-110-7306,Comment,chinese jewelry with jade here
37.87243199335417,-122.26727481203106,61.676,business,Name,Mike's Bicycle Center,House Number,2131 University Ave,Phone Number,510-705-2946,Comment,they do repairs for under $15 and a day
37.87245878934255,-122.267114905047,61.768,business,Name,Berkeley Hardware Store,House Number,2145 University Ave,Phone Number,510-213-8743,Comment,ace hardware and more
37.87225006071704,-122.26871993203076,61.291,business,Name,McDonalds,House Number,2079 University Ave,Phone Number,510-716-9755,Comment,$1 meal
37.87223378118303,-122.26887495567296,59.223,business,Name,The Cutting Board,House Number,2071 University Ave,Phone Number,510-434-6300,Comment,their name is terrible but the cuts good
37.87216846663763,-122.26920637533516,59.864,business,Name,Berkeley Sewing and Cleaning,House Number,2059 University Ave,Phone Number,510-352-2691,Comment,it's slow slow
37.87222841413256,-122.26904735161152,58.681,business,Name,Ank Hong,House Number,2071 University Ave,Phone Number,510-871-4855,Comment,roast lamb is great; potatoes mediocre
37.871817778485635,-122.26998140882222,58.181,business,Name,Ayakakia,House Number,2022 University Ave,Phone Number,510-274-3515,Comment,good sushi for <$10
37.87180025186713,-122.2700797926298,56.793,business,Name,Fast Imaging,House Number,2022 University Ave,Phone Number,510-420-5214,Comment,cheaper than copycentral but with less machines
37.87179063260464,-122.27014741584765,57.224,business,Name,Cafe Tibet,House Number,2022 University Ave,Phone Number,510-995-1055,Comment,great decor!
37.87177247280146,-122.27019929712374,57.439,business,Name,Tibet Jewels,House Number,2020 University Ave,Phone Number,510-462-6469,Comment,great facets!
37.87177881785849,-122.27029934022552,60.887,business,Name,Berkeley Apartments,House Number,2004 University Ave,Phone Number,510-439-6637,Comment,they've renovated the inside - looks really modern
37.87175798698849,-122.27034887549306,56.641,business,Name,Darlington Shop,House Number,2004 University Ave,Phone Number,510-734-3176,Comment,flowers for your love
37.872030974075685,-122.27047813759012,56.295,business,Name,NIQ Home Improvement,House Number,2001 University Ave,Phone Number,510-293-5400,Comment,mostly modern styles; lots of fiber
37.87164349017034,-122.2712432762939,57.012,business,Name,Firestone,House Number,1964 University Ave,Phone Number,510-837-6075,Comment,PUBLIC NOTICE: RECALL ON ALL 4-thread TIRES
37.87162834668499,-122.27140275740824,55.351,business,Name,eVe,House Number,1965 University Ave,Phone Number,NA,Comment,they're an online business
37.871465602472995,-122.27274948008292,53.812,business,Name,Valero Gas,House Number,2133 MLK Way,Phone Number,510-389-4411,Comment,also have convenience store
37.87154881808695,-122.27193759774131,55.713,business,Name,Zobe Hotel,House Number,1942-1948 University Ave,Phone Number,510-520-7601,Comment,management is horrible; won't fix anything
37.87154244467277,-122.27195853664854,55.585,business,Name,Silkroad,House Number,1946 University Ave,Phone Number,510-543-8131,Comment,excellent silk clothes
37.871531261906334,-122.27205957705424,56.076,business,Name,The Promenade,House Number,1925 University Ave,Phone Number,510-323-4666,Comment,staff are friendly
37.87181123833108,-122.27207738108352,57.778,business,Name,Fish Castle,House Number,1941 University Ave,Phone Number,510-708-7140,Comment,they don't sell fish actually
37.87181337548707,-122.27222533835588,55.386,business,Name,Fred's Market,House Number,1929 University Ave,Phone Number,510-278-8640,Comment,lots of alcoholic beverages
37.87177870442111,-122.272323688167,55.387,business,Name,Plearn Restaurant,House Number,1929 University Ave,Phone Number,510-870-3826,Comment,their soup is amazing and free
37.87175322096152,-122.27251724781904,54.793,business,Name,The Hot Tubs,House Number,1915 University Ave,Phone Number,510-278-8826,Comment,they sell hot tubs; and do installation for ~$200 extra
37.87174001313394,-122.2726653001736,52.845,business,Name,Utrecht Art Supplies,House Number,1909 University Ave,Phone Number,510-307-6161,Comment,all essential materials here
37.87148749043424,-122.27264190250374,53.448,business,Name,Udupi Palace,House Number,1907 University Ave,Phone Number,510-191-3241,Comment,wide vegetarian selection, some meat too,undefined
37.87171909161096,-122.27277938715828,53.923,business,Name,Indonesia Palace,House Number,1951 Martin Luther King Jr Way,Phone Number,510-601-1719,Comment,fine threading
37.87186755471865,-122.27290023004082,52.911,business,Name,MM Thread Salon,House Number,1944 Martin Luther King Jr Way,Phone Number,510-134-8111,Comment,quality for cheap
37.8719676603132,-122.2729061303988,52.582,business,Name,Max and Company Real Estate,House Number,1942 Martin Luther King Jr Way,Phone Number,510-122-1222,Comment,very expensive
37.872060569346246,-122.27292131960682,53.454,business,Name,Flamingo Cafe,House Number,1935 Martin Luther King Jr Way,Phone Number,510-645-7576,Comment,nothing looks like a flamingo inside
37.87218848087484,-122.27292798395077,53.889,business,Name,Mysterious Motel,House Number,1935 Martin Luther King Jr Way,Phone Number,510-789-1532,Comment,guarded by the portraits
37.87234738111587,-122.27294695560582,54.102,business,Name,Eclipse Hair Salon,House Number,1901 Martin Luther King Jr Way,Phone Number,510-433-1183,Comment,for the fashion minded
37.869937307725976,-122.27015147947024,53.852,business,Name,K's Internet Cafe,House Number,2002 Center St,Phone Number,510-887-2976,Comment,not much good for studying - tables are too small
37.869044931941794,-122.26907261122072,54.967,business,Name,<undefined>,House Number,2070 Allston Way,Phone Number,510-630-8189,Comment,their reception room has the best chairs
37.868441124657394,-122.26760072140868,57.551,business,Name,Peet's Coffee and Tea,House Number,2255 Shattuck Ave,Phone Number,510-282-7664,Comment,great spot for studying
37.872487964748025,-122.26676746540966,64.059,business,Name,Brazil Cafe,House Number,2161 University Ave,Phone Number,510-852-6435,Comment,mango smoothies and tri-tip sandwiches
37.87200801476936,-122.2679082309818,62.740,business,Name,CopyCentral,House Number,70 Shattuck Ave,Phone Number,510-359-2761,Comment,busy on weekdays
37.8722898206846,-122.26851948456952,60.640,business,Name,McDonalds,House Number,1998 Shattuck Ave,Phone Number,510-988-9840,Comment,eat healthy
37.87231778336914,-122.26813389013688,61.288,business,Name,Makris Cafe,House Number,2105 University Ave,Phone Number,510-284-1608,Comment,place looks sharp inside
37.87199673692531,-122.26853009492694,61.237,business,Name,McDonalds,House Number,1998 Shattuck Ave,Phone Number,510-988-9840,Comment,eat healthy
37.87221239022169,-122.26895029866245,62.550,business,Name,Taiwan Restaurant,House Number,2071 University Ave,Phone Number,510-490-8579,Comment,great service
37.87217383210541,-122.26929147925824,58.491,business,Name,University Hotel,House Number,2059 University Ave,Phone Number,510-565-7416,Comment,see their web site for more info
37.87215092139425,-122.2693389116898,59.643,business,Name,Coin Laundry,House Number,2057 University Ave,Phone Number,510-866-2271,Comment,not recommended for the elderly
37.87195013252418,-122.26922268822574,60.558,business,Name,Goodwill,House Number,2058 University Ave,Phone Number,510-877-8656,Comment,call them in advance
37.87186292113271,-122.2695903638898,59.216,business,Name,LAN Beauty Salon,House Number,2048 University Ave,Phone Number,510-264-8740,Comment,not recommended for the elderly
37.87186966268128,-122.26970539929472,58.754,business,Name,Cafe Platano,House Number,2048 University Ave,Phone Number,510-266-5407,Comment,recent renovation looks great
37.87182646694724,-122.26987559772084,59.094,business,Name,For Lease,House Number,2036 University Ave,Phone Number,510-851-3889,Comment,place looks sharp inside
37.87145142377184,-122.27112901073713,57.453,business,Name,Firestone Tires,House Number,1974 University Ave,Phone Number,510-903-6417,Comment,infamous for their recalled tires
37.87094904208617,-122.27269498915584,53.319,business,Name,Goodyear,House Number,2099 Martin Luther King Jr Way,Phone Number,510-386-2400,Comment,see their web site for more info
37.87051812047344,-122.27275433224531,51.293,business,Name,Sushi California,House Number,2033 MLK Way,Phone Number,510-548-0737,Comment,"foor was mediocre to poor"
37.87154654726065,-122.27060323616016,57.545,business,Name,Coquelet Cafe,House Number,1785 Milvia St,Phone Number,510-382-1499,Comment,excellent pastries
37.869729133933234,-122.26603721652224,62.365,business,Name,Azerberian Restaurant,House Number,2175 Allston Way,Phone Number,510-653-4534,Comment,reasonably priced for the average student
37.869699789745525,-122.26616390875716,61.889,business,Name,Saleil Tanning Salons,House Number,2171 Allston Way,Phone Number,510-402-7628,Comment,busy on weekdays
37.86966968597799,-122.26655957149082,60.694,business,Name,Cartridge World,House Number,2121-2161 Allston Way,Phone Number,510-766-4448,Comment,their manager is really friendly
37.869327562253254,-122.2676964758576,58.503,business,Name,Gaia Arts,House Number,2116 Allston Way,Phone Number,510-507-6343,Comment,reasonably priced for the average student
37.86957755185764,-122.2672346754329,61.656,business,Name,Jupiter,House Number,2115 Allston Way,Phone Number,510-253-1673,Comment,recent renovation looks great
37.869521383699755,-122.26824650177376,59.568,business,Name,Spirit General Store,House Number,2061-2099 Allston Way,Phone Number,510-774-3535,Comment,great service
37.86952788815247,-122.26768568848075,64.237,business,Name,WALGREENS Pharmacy,House Number,2115 Allston Way,Phone Number,510-262-2181,Comment,lower your expectations
37.86977847722203,-122.26770319471731,59.580,business,Name,Jupiter - main entrance,House Number,2181 Shattuck Ave,Phone Number,510-763-9772,Comment,not recommended for the elderly
37.86971818773483,-122.26826383482243,65.533,business,Name,Blue Motels,House Number,2168 Shattuck Ave,Phone Number,510-215-3371,Comment,great service
37.868942614190104,-122.26767615357718,58.172,business,Name,Verizon Wireless,House Number,2220 Shattuck Ave,Phone Number,510-444-1432,Comment,very few bars, but it still works!,undefined
37.86884765847609,-122.26766711045876,58.242,business,Name,ALKO symbolic store,House Number,2233 Shattuck Ave,Phone Number,510-582-7466,Comment,hit or miss
37.86875870369936,-122.2676420108938,59.506,business,Name,ezSTOP deli - specializes in ham,House Number,2233 Shattuck Ave,Phone Number,510-874-7870,Comment,lower your expectations
37.86871792736359,-122.2681209110372,61.194,business,Name,Yogurtland,House Number,2236 Shattuck Ave,Phone Number,510-???-????,Comment,<coming soon>
37.868790115138,-122.2681856909329,57.429,business,Name,Starbucks Coffee,House Number,2224 Shattuck Ave,Phone Number,510-910-8046,Comment,great selection
37.8688461236362,-122.26818314984584,58.567,business,Name,Bowzer's Pizza,House Number,2230 Shattuck Ave,Phone Number,510-708-3155,Comment,call them in advance
37.86896533480224,-122.26822503227775,57.601,business,Name,Picture Frame Shop,House Number,2222 Shattuck Ave,Phone Number,510-417-3388,Comment,they sell lots of picture frames here for low prices
37.86905798783771,-122.2682206094386,56.678,business,Name,Postage Store,House Number,2204 Shattuck Ave,Phone Number,510-273-6318,Comment,really cheap
37.86913958735957,-122.26821660521604,58.548,business,Name,Planet Juice,House Number,2204 Shattuck Ave,Phone Number,510-649-1569,Comment,great selection
37.86925238954543,-122.26828823932638,59.000,business,Name,GameStop - board games and video games,House Number,2086 Allston Way,Phone Number,510-109-5058,Comment,busy on weekdays
37.86922796692796,-122.26844985877972,58.308,business,Name,Hotel Shattuck Plaza,House Number,2086 Allston Way,Phone Number,510-898-1331,Comment,their manager is really friendly
37.8690930978105,-122.269364305058,55.271,business,Name,Bicycle Repair shop,House Number,2201-2299 Harold Way,Phone Number,510-725-3703,Comment,the workers are nice
37.87101872911787,-122.26876142180424,57.001,business,Name,Berkeley City College,House Number,2080 Addison St,Phone Number,510-716-8853,Comment,great service
37.87101489462039,-122.26882634111792,56.836,business,Name,24/7 Fitness Bike Shop,House Number,2080 Addison St,Phone Number,510-677-9833,Comment,great selection
37.871194361558906,-122.26873309842532,56.518,business,Name,Auborn Theatre - old movies,House Number,2071 Addison St,Phone Number,510-267-2605,Comment,their manager is really friendly
37.870989363654566,-122.26912759201124,55.545,business,Name,Shady sunglasses,House Number,2072 Addison St,Phone Number,510-635-1487,Comment,really cheap
37.87097653600661,-122.2691693559572,55.622,business,Name,Raw Energy - negative pain clinic,House Number,2040 Addison St,Phone Number,510-497-4830,Comment,doesn't actually work; too expensive
37.871127100286046,-122.26932661095648,55.796,business,Name,Wells Fargo Bank,House Number,2011 Shattuck,Phone Number,510-842-5228,Comment,solid financial institution
37.870885540919645,-122.26973783391392,56.356,business,Name,Freight Coffee,House Number,2020 Addison St,Phone Number,510-944-8293,Comment,really cheap
37.86923557585635,-122.26950529246952,58.985,business,Name,YMCA Day Camp,House Number,2001 Allston Way,Phone Number,510-442-2510,Comment,hit or miss
37.869291193484514,-122.2691829159503,56.240,business,Name,Hotel Shattuck Plaza,House Number,2001 Allston Way,Phone Number,510-413-9399,Comment,great service
37.872058828337984,-122.27017959369412,57.433,business,Name,Uni Tailor Alterations,House Number,2018 University Ave,Phone Number,510-166-2341,Comment,expert tailors
37.87209955310929,-122.26986729858284,58.068,business,Name,Fantasy T shirts,House Number,2017 University Ave,Phone Number,510-250-6323,Comment,t shirts are mostly of the same type
37.87209605511382,-122.26990800952976,57.836,business,Name,Nail Image,House Number,2017 University Ave,Phone Number,510-543-1834,Comment,expert manicures
37.871616568081,-122.27147918018709,55.685,business,Name,eVe,House Number,1965 University Ave,Phone Number,NA,Comment,they're an online business
37.87173681338174,-122.2728926141962,53.337,business,Name,Udupi Palace,House Number,1907 University Ave,Phone Number,510-191-3241,Comment,wide vegetarian selection, some meat too,undefined
37.87200246757745,-122.27291273468728,53.038,business,Name,Max and Company Real Estate,House Number,1942 Martin Luther King Jr Way,Phone Number,510-122-1222,Comment,very expensive
37.87264257835719,-122.27326715036092,55.035,business,Name,Eclipse Hair Salon,House Number,1901 Martin Luther King Jr Way,Phone Number,510-433-1183,Comment,for the fashion minded
37.87156354840922,-122.26759138886096,60.476,business,Name,Subway,House Number,92 Shattuck Ave,Phone Number,510-382-4891,Comment,"eat fresh"
37.872137337519,-122.2673226574062,60.559,business,Name,Instant Copying,House Number,2139 University Ave,Phone Number,510-126-52111,Comment,cheap readers
37.872178860506715,-122.26713455937902,63.321,business,Name,May Flower Chinese Restaurant,House Number,2138 University Ave,Phone Number,510-883-9788,Comment,as good as expected from the name
37.870949557263685,-122.269289581438,56.316,business,Name,Disc Makers,House Number,2070 Allston Way,Phone Number,510-309-5847,Comment,cheap media
37.86585723945675,-122.26778925154744,56.066,business,Name,Blockbusters,House Number,1083 Channing Way,Phone Number,510-444-2241,Comment,overnight rentals cheaper
37.86616586071252,-122.26786255609132,55.161,business,Name,Creations,House Number,1032 Shattuck Ave,Phone Number,510-392-4811,Comment,newly opened
37.86640200690294,-122.2679122584207,56.295,business,Name,Staples,House Number,1034 Shattuck Ave,Phone Number,510-392-1811,Comment,closest office store to campus
37.86654028764927,-122.26794037311603,59.888,Staples Logo,Field 1,,Field 2,,Field 3,,Field 4,
37.86690981498237,-122.26798143051434,55.557,business,Name,The UPS Store,House Number,1056 Shattuck Ave,Phone Number,510-183-1419,Comment,faster than USPS
37.867449431641454,-122.26805324147668,56.229,business,Name,CVS Pharmacy,House Number,1058 Shattuck Ave,Phone Number,584-924-1833,Comment,basic groceries
37.86763599406171,-122.2680779737307,56.533,business,Name,La Note Restaurant Provencal,House Number,2377 Shattuck Ave,Phone Number,510-843-1535,Comment,The service here can be spotty
37.86741131578725,-122.26746818179257,57.056,business,Name,Mechanics Bank,House Number,1066 Shattuck Ave,Phone Number,510-333-2941,Comment,reliable service
37.86700084398771,-122.2674452719382,59.080,business,Name,Union Bank,House Number,1069 Shattuck Ave,Phone Number,510-341-3911,Comment,service is slow on weekends
37.86708403639205,-122.26745351433092,57.450,business,Name,Venus Cafe,House Number,1067 Shattuck Ave,Phone Number,510-382-1111,Comment,good salads
37.86650956398048,-122.26738210822198,57.675,business,Name,Pegasus Books,House Number,1077 Shattuck Ave,Phone Number,510-392-1481,Comment,a good selection of mythology
37.86621445910053,-122.26735694838452,57.538,business,Name,Nanayiro Restaurant,House Number,2369 Shattuck Ave,Phone Number,510-848-1744,Comment,avoid the sushi
37.86628774414176,-122.26735717788608,57.299,business,Name,Thalassa,House Number,2367 Shattuck Ave,Phone Number,510-848-1766,Comment,Prices here are reasonable, not spectacular,undefined
37.86593580403867,-122.26735135677266,56.680,business,Name,Discount Store,House Number,2368 Shattuck Ave,Phone Number,510-141-1414,Comment,less than $5 usually
37.86607431483402,-122.2673626100966,55.932,business,Name,Discount Store,House Number,2368 Shattuck Ave,Phone Number,510-141-1414,Comment,less than $5 usually
37.86912765027437,-122.2676666923588,58.553,business,Name,Verizon Wireless,House Number,2220 Shattuck Ave,Phone Number,510-444-1432,Comment,very few bars, but it still works!,undefined
37.86985420818803,-122.26769431457892,59.091,business,Name,Twisters Berkeley Online Ordering,House Number,2177 Shattuck Ave,Phone Number,510-644-4411,Comment,new - no ratings
37.870038957240105,-122.26769591294386,59.301,business,Name,GNC,House Number,2176 Shattuck Ave,Phone Number,510-333-1191,Comment,live well
37.87007540705863,-122.26767497830323,58.732,business,Name,formerly Quality Photo Lab,House Number,2174 Shattuck Ave,Phone Number,510-919-2384,Comment,put out of business by walgreens
37.870163711879,-122.26766409752209,60.297,business,Name,Games of Berkeley,House Number,2173 Shattuck Ave,Phone Number,510-919-2194,Comment,sells primarily board games
37.86995351958198,-122.26829402288608,60.655,business,Name,Tully's Coffee,House Number,2159 Shattuck Ave,Phone Number,5190743012877,Comment,good place to meet people
37.869888144956434,-122.26829280416476,58.642,business,Name,Alamare GELATO,House Number,2170 Shattuck Ave,Phone Number,510-649-1888,Comment,gelato is always better than ice cream
37.869690998007165,-122.26826751035836,59.266,business,Name,AT&T,House Number,2180 Shattuck Ave,Phone Number,510-486-0668,Comment,the other wireless company
37.8685973106108,-122.26816002359648,57.500,business,Name,The Original Mels,House Number,2240 Shattuck Ave,Phone Number,510-805-0000,Comment,decor is cute
37.86862949864204,-122.26820793997604,56.918,business,Name,Yogurtland,House Number,2236 Shattuck Ave,Phone Number,510-???-????,Comment,<coming soon>
37.86790112996756,-122.2680741343846,56.228,business,Name,Everest Properties,House Number,2272 Shattuck Ave,Phone Number,510-838-1934,Comment,I've heard really bad things...
37.86784305073072,-122.26807410530114,56.374,business,Name,Passand Lounge,House Number,2284 Shattuck Ave,Phone Number,510-848-0260,Comment,no ratings  yet
37.87030817405651,-122.2661689922912,60.447,business,Name,La Cascada Taqueria,House Number,2164 Center St,Phone Number,510-704-8668,Comment,the music is fun, the food is ok,undefined
37.87042104196568,-122.26632865989794,61.591,business,Name,Top Dog #5,House Number,2160 Center St,Phone Number,510-849-0176,Comment,the most obscure location
37.87042471776734,-122.26638412493958,61.692,business,Name,Bongo Burger,House Number,2161 Center St,Phone Number,510-811-0176,Comment,less classy than the northside one, but good,undefined
37.87035668393339,-122.26692537207155,60.861,business,Name,Blank Store,House Number,2164 Center St,Phone Number,510-333-4141,Comment,not sure what's inside
37.86991787047146,-122.27030753854253,55.629,literally on center,Field 1,,Field 2,,Field 3,,Field 4,
37.86922843579618,-122.27317221964364,56.285,a most ancient cathedral,Field 1,,Field 2,,Field 3,,Field 4,
37.86996227122799,-122.27301596977917,54.663,Public Safety Building,Field 1,,Field 2,,Field 3,,Field 4,
37.87028512199272,-122.27256317428782,51.802,2105 House,Rating,***,Field 2,,Field 3,,Field 4,
37.87114721021303,-122.27282979205562,51.954,business,Name,Sushi California,House Number,2033 MLK Way,Phone Number,510-548-0737,Comment,"foor was mediocre to poor"
37.87123273966421,-122.27326345223064,52.629,business,Name,Valero Gas,House Number,2133 MLK Way,Phone Number,510-389-4411,Comment,also have convenience store
37.8721257940022,-122.27320196048504,56.068,IDA Under Construction,Field 1,,Field 2,,Field 3,,Field 4,
37.87257928713883,-122.27295360497877,57.091,House,Field 1,,Field 2,,Field 3,,Field 4,
37.87259662668124,-122.27281051962122,58.198,Townhouse,Field 1,,Field 2,,Field 3,,Field 4,
37.87263248439611,-122.2726579662991,58.679,House,Field 1,,Field 2,,Field 3,,Field 4,
37.87261698650685,-122.27248186991032,59.019,5 bedroom House,Field 1,,Field 2,,Field 3,,Field 4,
37.87261537730741,-122.27235835786236,59.052,2x 3 bedroom townhouse,Field 1,,Field 2,,Field 3,,Field 4,
37.872599067434706,-122.27225202284389,60.531,Old Schoolbuilding,Field 1,,Field 2,,Field 3,,Field 4,
37.87240213806928,-122.272469067476,58.207,very old house,Field 1,,Field 2,,Field 3,,Field 4,
37.87243556028977,-122.27221649991212,59.221,one of the newer properties,Field 1,,Field 2,,Field 3,,Field 4,
37.872279335160165,-122.2726754417135,56.573,KPFA Broadcaster,Field 1,,Field 2,,Field 3,,Field 4,
37.87253215312768,-122.27336544997634,56.044,International RIVERS center,Field 1,,Field 2,,Field 3,,Field 4,
37.87271617424821,-122.27134111090248,64.000,complex houses 400,Field 1,,Field 2,,Field 3,,Field 4,
37.8728512325532,-122.27043246970662,63.612,house,Field 1,,Field 2,,Field 3,,Field 4,
37.8728867403519,-122.27025619824228,65.964,very nice house,Field 1,,Field 2,,Field 3,,Field 4,
37.87289342708497,-122.2698395569848,65.574,townhouse adjoining apartment,Field 1,,Field 2,,Field 3,,Field 4,
37.872516019834435,-122.26938370742933,63.712,business,Name,Tail Cleaning,House Number,2047 Berkeley Way,Phone Number,419-391-9282,Comment,good for coats
37.873032980078094,-122.26804900831031,62.817,business,Name,Berkeley Vacuum Center,House Number,2018 Berkeley Way,Phone Number,510-540-6248,Comment,berkeleyvacuum.com
37.873029515301766,-122.26791582224656,62.730,business,Name,Blow Salon,House Number,2112 Berkeley Way,Phone Number,510-644-197,Comment,Staff seemed inexperienced
37.87346782806985,-122.26782730542094,83.419,the only high rise apartment complex,Field 1,,Field 2,,Field 3,,Field 4,
37.87387793688129,-122.26831190892608,71.210,arched building in distance,Field 1,,Field 2,,Field 3,,Field 4,
37.87306098166736,-122.26760465606202,65.442,business,Name,University of California Press,House Number,2034 Berkeley Way,Phone Number,510-382-9119,Comment,not the daily cal
37.8731575646652,-122.26692556757504,68.776,looks rather run down compared to the one across the corner,Field 1,,Field 2,,Field 3,,Field 4,
37.87425525944629,-122.26656124107978,74.475,mysterious building,Field 1,,Field 2,,Field 3,,Field 4,
37.873444604845254,-122.26638157842356,67.425,business,Name,Yali's Oxford Street Cafe,House Number,1920 Oxford St,Phone Number,510-843-2233,Comment,"Good lunch food"
37.873057382762184,-122.2664281238672,67.215,ACTransit station,Field 1,,Field 2,,Field 3,,Field 4,
37.87177817204539,-122.26572257419456,65.587,The Crescent Glade,Field 1,,Field 2,,Field 3,,Field 4,
37.87252695420339,-122.2665035635938,66.596,business,Name,mikes bikes,House Number,2162 University Ave,Phone Number,510-238-6143,Comment,great selection
37.872369711240864,-122.2677202870952,62.552,business,Name,Copy Edge,House Number,2124 University Ave,Phone Number,510-381-7122,Comment,500 sheets for less than $19
37.8723542138147,-122.2679138071912,61.564,business,Name,SNORE,House Number,2124 University Ave,Phone Number,NA,Comment,out of business
37.87234690747944,-122.2679595611216,61.354,business,Name,Krishna Copy Center,House Number,2133 University Ave,Phone Number,510-283-7331,Comment,24 hour replication service
37.87153137912191,-122.27219501447526,56.228,business,Name,The Promenade,House Number,1925 University Ave,Phone Number,510-323-4666,Comment,staff are friendly
37.87067751193901,-122.2678772720505,59.142,business,Name,Little Mandarin,House Number,139 Berkeley Sq,Phone Number,510-841-7655,Comment,clean, healthy food,undefined
37.87072572332149,-122.26789899474753,58.842,business,Name,Ivania Tausche Hair Designs,House Number,136 Berkeley Sq,Phone Number,510-843-0934,Comment,haircut quality award, but not cheap,undefined
37.87077960936882,-122.26788176339451,58.392,business,Name,Berkeley Shoe and Luggage Repair,House Number,134 Berkeley Sq,Phone Number,510-382-4711,Comment,great with leather items
37.87080469292881,-122.26786735405688,59.089,business,Name,East Bay Photo Lab,House Number,132 Berkeley Sq,Phone Number,510-991-2283,Comment,losing business...
37.87085170413141,-122.26786221933988,58.830,business,Name,Newberry's Gifts,House Number,130 Berkeley Sq,Phone Number,510-873-1294,Comment,excellent anniversary gifts
37.87090612740923,-122.26785534353776,59.346,business,Name,Little Hunan Chinese Restaurant,House Number,128 Berkeley Sq,Phone Number,510-382-8913,Comment,the average chinese restaurant
37.87099107213075,-122.26783844506268,59.650,business,Name,Western Dental Center,House Number,126 Berkeley Sq,Phone Number,510-888-3914,Comment,average dental center
37.87108166506606,-122.26784376402632,59.302,business,Name,Desktop Design,House Number,124 Berkeley Sq,Phone Number,510-838-1941,Comment,I never see anyone here
37.87095735563483,-122.26759242111446,61.634,business,Name,Arinell Pizza Inc,House Number,2119 Shattuck Ave,Phone Number,510-841-4035,Comment,"closest thing to NY pizza here"
37.8707120348117,-122.26758384983748,59.479,business,Name,Bank of America,House Number,2129 Shattuck Ave,Phone Number,510-273-5466,Comment,the nicest branch here
37.87137751052206,-122.2675740096015,60.383,business,Name,Saigon Express,House Number,2045 Shattuck Ave,Phone Number,510-486-1778,Comment,great banh coun
37.87144190787544,-122.2675636165662,60.167,business,Name,La Rose Bistro,House Number,2037 Shattuck Ave,Phone Number,510-644-1913,Comment,not for hearty eaters
37.8716319357979,-122.2675995167506,60.859,business,Name,Mandarin Garden Restaurant,House Number,2025 Shattuck,Phone Number,510-848-4849,Comment,awful
37.87169668630075,-122.26760862816344,61.320,business,Name,Sun Hong Kong,House Number,91 Shattuck Sq,Phone Number,NA,Comment,permanently closed
37.871777110150774,-122.26761457275394,61.735,business,Name,Ichiban Sushi,House Number,2017 Shattuck,Phone Number,510-848-2200,Comment,okay food on the greasy side
37.87172944067698,-122.26787615618191,61.472,United States Marine Corp,Field 1,,Field 2,,Field 3,,Field 4,
37.87170102473848,-122.26788075823488,61.302,business,Name,Computer Repair,House Number,61 Shattuck,Phone Number,510-283-4828,Comment,they had problems fixing mine
37.87166336787251,-122.26788831757598,60.557,business,Name,LAzer Image,House Number,62 Shattuck,Phone Number,510-382-4911,Comment,color copies at $.59
37.87145185844691,-122.26787178287049,60.031,business,Name,Grown Antiques,House Number,52 Shattuck Ave,Phone Number,510-328-1341,Comment,antiques look fake
37.871407374820706,-122.26786137761968,59.585,business,Name,Kate's Kouture,House Number,50 Shattuck Ave,Phone Number,510-382-1419,Comment,great wedding gowns
37.87131886340596,-122.26784946445432,59.808,business,Name,Subway,House Number,92 Shattuck Ave,Phone Number,510-382-4891,Comment,"eat fresh"
37.87042250443695,-122.26778516589178,58.430,business,Name,MSCI and Barra Co.,House Number,2100 Milvia St,Phone Number,510-382-4911,Comment,not open to public
37.87005607430144,-122.27088578967772,61.555,building with obsidian windows,Field 1,,Field 2,,Field 3,,Field 4,
37.87037288233026,-122.27045533818053,53.684,business,Name,Nuhays Cafe,House Number,2048 Milvia St,Phone Number,510-283-1828,Comment,great tuna sandwich
37.87021550823228,-122.27044932594733,55.663,business,Name,Concrete Building,House Number,2125 Milvia,Phone Number,510-384-1932,Comment,no comment
37.871100460495576,-122.27055204060534,58.385,giant array of squares,Field 1,,Field 2,,Field 3,,Field 4,
37.87172651223553,-122.27059271446446,57.201,business,Name,Coquelet Cafe,House Number,1785 Milvia St,Phone Number,510-382-1499,Comment,excellent pastries
37.87101176245782,-122.27021425216336,61.117,japanese promotion society center,Field 1,,Field 2,,Field 3,,Field 4,
37.87106121778226,-122.26971245553848,58.053,business,Name,Roda Theatre,House Number,2015-2025 Addison St,Phone Number,510-382-4811,Comment,rating: ****
37.87086463108671,-122.26964865509228,55.414,business,Name,Freight & Vage Coffee,House Number,2020 Addison St.,Phone Number,510-381-3823,Comment,most excellent sandwiches
37.870455664789965,-122.26836528212344,62.828,business,Name,Wells Fargo Bank,House Number,2011 Shattuck,Phone Number,510-842-5228,Comment,solid financial institution
37.870568868687045,-122.26838586623984,59.030,business,Name,Amanda's,House Number,2141 Shattuck Ave,Phone Number,510-491-8100,Comment,fast lunch service
37.87066010830831,-122.26840150194384,58.132,business,Name,Berkeley Hearing Center,House Number,2142 Shattuck Ave,Phone Number,510-841-0681,Comment,fast lunch service
37.87066010830831,-122.26840150194384,58.132,business,Name,SanJuan Bagels,House Number,2144 Shattuck Ave,Phone Number,510-818-4576,Comment,crispy and healthy
37.87075410566657,-122.26840451169616,58.852,business,Name,AT&T central,House Number,2146 Shattuck Ave,Phone Number,510-382-4193,Comment,cell phones sold here too
37.87086290913444,-122.26840760715656,58.969,business,Name,Original Pollo,House Number,2148 Shattuck Ave,Phone Number,510-999-1341,Comment,authentic mexican food
37.87126727100796,-122.26843560029609,59.270,business,Name,Half Price Books,House Number,2036 Shattuck Ave,Phone Number,510-526-6080,Comment,they really are half price!
37.87145849477802,-122.26852795606148,57.960,business,Name,Comic Relief,House Number,2026 Shattuck Ave,Phone Number,510-843-5002,Comment,staff are courteous and very knowledgable
37.871563037698806,-122.26851002675494,58.546,business,Name,The Other Change of Hobbit,House Number,2016 Shattuck Ave,Phone Number,510-381-9332,Comment,scifi and fantasy book store
37.871618363607816,-122.26850892027429,59.154,business,Name,PH,House Number,2006 Shattuck Ave,Phone Number,510-381-9332,Comment,hearty soups
37.87166973523522,-122.26849791632696,59.842,business,Name,Roos Bros,House Number,64 Shattuck Sq,Phone Number,510-384-1341,Comment,yoga to the people
37.8717879106113,-122.26851926985404,59.467,business,Name,MAC computer store,House Number,1987 Shattuck Ave,Phone Number,510-329-1341,Comment,applecare is better
37.871732950775595,-122.26851717180232,59.250,business,Name,Fiorello's,House Number,1982 Shattuck Ave,Phone Number,510-381-9238,Comment,huge sandwiches
37.87194718006108,-122.26823201425891,62.113,business,Name,Viceroy Restaurant,House Number,2034 Shattuck Sq,Phone Number,510-549-1814,Comment,adequate portions
37.871653421335594,-122.26817758446477,60.976,business,Name,Roos Bros,House Number,64 Shattuck Sq,Phone Number,510-384-1341,Comment,yoga to the people
37.87143609154452,-122.26816270889536,59.976,business,Name,Cyprus Restaurant,House Number,85 Shattuck Sq,Phone Number,510-384-1934,Comment,persian themed restaurant
